{
  "title": "Untitled Project",
  "description": "",
  "head": "<meta charset=\"UTF-8\" />\n<meta name=\"viewport\" content=\"width=device-width, initial-scale=1.0\" />",
  "htmlAttrs": "lang=\"en\" class=\"\"",
  "tags": [],
  "autoupdate": true,
  "autosave": false,
  "autotest": false,
  "delay": 1500,
  "formatOnsave": false,
  "view": "split",
  "mode": "full",
  "theme": "dark",
  "layout": "responsive",
  "recoverUnsaved": true,
  "showSpacing": false,
  "welcome": true,
  "readonly": false,
  "allowLangChange": true,
  "activeEditor": "script",
  "markup": {
    "language": "html",
    "content": ""
  },
  "style": {
    "language": "css",
    "content": ".container,\n.container button {\n  text-align: center;\n  font: 1em sans-serif;\n}\n.logo {\n  width: 150px;\n}\n"
  },
  "script": {
    "language": "react",
    "content": "import React, { useState } from 'react';\n\nconst AndroidDB = () => {\n  const [selectedDevice, setSelectedDevice] = useState(null);\n  const [currentPage, setCurrentPage] = useState(1);\n  const [searchQuery, setSearchQuery] = useState('');\n  const devicesPerPage = 6;\n  \n  const devices = [\n    {\n      id: 1,\n      model: \"X9Pro\",\n      softwareVersion: \"\",\n      lastUpdate: \"\",\n      organization: \"Corp\",\n      organizationWebsite: \"\",\n      workArea: \"\",\n      purpose: \"\",\n      capabilities: \"\",\n      location: \"\",\n      workPeriod: \"\"\n    },\n    {\n      id: 2,\n      model: \"A5Max\",\n      softwareVersion: \"\",\n      lastUpdate: \"\",\n      organization: \"Data\",\n      organizationWebsite: \"\",\n      workArea: \"\",\n      purpose: \"\",\n      capabilities: \"\",\n      location: \"\",\n      workPeriod: \"\"\n    },\n    {\n      id: 3,\n      model: \"Z3Edge\",\n      softwareVersion: \"\",\n      lastUpdate: \"\",\n      organization: \"FutureSoft\",\n      organizationWebsite: \"\",\n      workArea: \"\",\n      purpose: \"\",\n      capabilities: \"\",\n      location: \"\",\n      workPeriod: \"\"\n    },\n    {\n      id: 4,\n      model: \"TX-42\",\n      softwareVersion: \"\",\n      lastUpdate: \"\",\n      organization: \"Mobile\",\n      organizationWebsite: \"\",\n      workArea: \"\",\n      purpose: \"\",\n      capabilities: \"\",\n      location: \"\",\n      workPeriod: \"\"\n    },\n    {\n      id: 5,\n      model: \"M7\",\n      softwareVersion: \"\",\n      lastUpdate: \"\",\n      organization: \"TechGroup\",\n      organizationWebsite: \"\",\n      workArea: \"\",\n      purpose: \"\",\n      capabilities: \"\",\n      location: \"\",\n      workPeriod: \"\"\n    },\n    {\n      id: 6,\n      model: \"V300\",\n      softwareVersion: \"\",\n      lastUpdate: \"\",\n      organization: \"Digital\",\n      organizationWebsite: \"\",\n      workArea: \"\",\n      purpose: \"\",\n      capabilities: \"\",\n      location: \"\",\n      workPeriod: \"\"\n    },\n    // Остальные устройства остаются пустыми\n    {\n      id: 7,\n      model: \"CodeX5\",\n      softwareVersion: \"\",\n      lastUpdate: \"\",\n      organization: \"GlobalTech\",\n      organizationWebsite: \"\",\n      workArea: \"\",\n      purpose: \"\",\n      capabilities: \"\",\n      location: \"\",\n      workPeriod: \"\"\n    },\n    {\n      id: 8,\n      model: \"Nova3\",\n      softwareVersion: \"\",\n      lastUpdate: \"\",\n      organization: \"SmartSolutions\",\n      organizationWebsite: \"\",\n      workArea: \"\",\n      purpose: \"\",\n      capabilities: \"\",\n      location: \"\",\n      workPeriod: \"\"\n    },\n    {\n      id: 9,\n      model: \"Alpha7\",\n      softwareVersion: \"\",\n      lastUpdate: \"\",\n      organization: \"NextGen\",\n      organizationWebsite: \"\",\n      workArea: \"\",\n      purpose: \"\",\n      capabilities: \"\",\n      location: \"\",\n      workPeriod: \"\"\n    },\n    {\n      id: 10,\n      model: \"QuantumX\",\n      softwareVersion: \"\",\n      lastUpdate: \"\",\n      organization: \"InnovateX\",\n      organizationWebsite: \"\",\n      workArea: \"\",\n      purpose: \"\",\n      capabilities: \"\",\n      location: \"\",\n      workPeriod: \"\"\n    },\n    {\n      id: 11,\n      model: \"\",\n      softwareVersion: \"\",\n      lastUpdate: \"\",\n      organization: \"\",\n      organizationWebsite: \"\",\n      workArea: \"\",\n      purpose: \"\",\n      capabilities: \"\",\n      location: \"\",\n      workPeriod: \"\"\n    },\n    {\n      id: 12,\n      model: \"\",\n      softwareVersion: \"\",\n      lastUpdate: \"\",\n      organization: \"\",\n      organizationWebsite: \"\",\n      workArea: \"\",\n      purpose: \"\",\n      capabilities: \"\",\n      location: \"\",\n      workPeriod: \"\"\n    },\n    {\n      id: 13,\n      model: \"SkyLine\",\n      softwareVersion: \"\",\n      lastUpdate: \"\",\n      organization: \"\",\n      organizationWebsite: \"\",\n      workArea: \"\",\n      purpose: \"\",\n      capabilities: \"\",\n      location: \"\",\n      workPeriod: \"\"\n    },\n    {\n      id: 14,\n      model: \"\",\n      softwareVersion: \"\",\n      lastUpdate: \"\",\n      organization: \"Cloud9\",\n      organizationWebsite: \"\",\n      workArea: \"\",\n      purpose: \"\",\n      capabilities: \"\",\n      location: \"\",\n      workPeriod: \"\"\n    },\n    {\n      id: 15,\n      model: \"Photon\",\n      softwareVersion: \"\",\n      lastUpdate: \"\",\n      organization: \"NetSys\",\n      organizationWebsite: \"\",\n      workArea: \"\",\n      purpose: \"\",\n      capabilities: \"\",\n      location: \"\",\n      workPeriod: \"\"\n    },\n    {\n      id: 16,\n      model: \"MaxPro\",\n      softwareVersion: \"\",\n      lastUpdate: \"\",\n      organization: \"\",\n      organizationWebsite: \"\",\n      workArea: \"\",\n      purpose: \"\",\n      capabilities: \"\",\n      location: \"\",\n      workPeriod: \"\"\n    },\n    {\n      id: 17,\n      model: \"\",\n      softwareVersion: \"\",\n      lastUpdate: \"\",\n      organization: \"Data5\",\n      organizationWebsite: \"\",\n      workArea: \"\",\n      purpose: \"\",\n      capabilities: \"\",\n      location: \"\",\n      workPeriod: \"\"\n    },\n    {\n      id: 18,\n      model: \"Quantum\",\n      softwareVersion: \"\",\n      lastUpdate: \"\",\n      organization: \"\",\n      organizationWebsite: \"\",\n      workArea: \"\",\n      purpose: \"\",\n      capabilities: \"\",\n      location: \"\",\n      workPeriod: \"\"\n    },\n    {\n      id: 19,\n      model: \"\",\n      softwareVersion: \"\",\n      lastUpdate: \"\",\n      organization: \"Alpha7\",\n      organizationWebsite: \"\",\n      workArea: \"\",\n      purpose: \"\",\n      capabilities: \"\",\n      location: \"\",\n      workPeriod: \"\"\n    },\n    {\n      id: 20,\n      model: \"Nova8\",\n      softwareVersion: \"\",\n      lastUpdate: \"\",\n      organization: \"Beta3\",\n      organizationWebsite: \"\",\n      workArea: \"\",\n      purpose: \"\",\n      capabilities: \"\",\n      location: \"\",\n      workPeriod: \"\"\n    }\n  ];\n\n  // Фильтрация и пагинация остаются без изменений\n  const filteredDevices = devices.filter(device => {\n    const searchLower = searchQuery.toLowerCase();\n    return (\n      device.model.toLowerCase().includes(searchLower) ||\n      device.organization.toLowerCase().includes(searchLower)\n    );\n  });\n\n  const indexOfLastDevice = currentPage * devicesPerPage;\n  const indexOfFirstDevice = indexOfLastDevice - devicesPerPage;\n  const currentDevices = filteredDevices.slice(indexOfFirstDevice, indexOfLastDevice);\n  const totalPages = Math.ceil(filteredDevices.length / devicesPerPage);\n\n  const styles = {\n    container: {\n      fontFamily: \"'Helvetica Neue', Arial, sans-serif\",\n      maxWidth: '1440px',\n      margin: '0 auto',\n      padding: '40px 20px',\n      backgroundColor: '#ffffff',\n      color: '#333333',\n    },\n    header: {\n      color: '#2c3e50',\n      borderBottom: '3px solid #e0e0e0',\n      paddingBottom: '25px',\n      marginBottom: '50px',\n      textAlign: 'center',\n      fontWeight: '300',\n      letterSpacing: '2px',\n      fontSize: '2.5em'\n    },\n    mainLayout: {\n      display: 'flex',\n      flexDirection: 'column',\n      gap: '40px'\n    },\n    searchContainer: {\n      display: 'flex',\n      justifyContent: 'center',\n      margin: '30px 0'\n    },\n    searchInput: {\n      width: '100%',\n      maxWidth: '600px',\n      padding: '15px 20px',\n      border: '1px solid #e0e0e0',\n      borderRadius: '8px',\n      fontSize: '16px',\n      transition: 'all 0.3s ease',\n      ':focus': {\n        outline: 'none',\n        borderColor: '#2c3e50',\n        boxShadow: '0 0 0 2px rgba(44, 62, 80, 0.1)'\n      }\n    },\n    deviceGrid: {\n      display: 'grid',\n      gridTemplateColumns: 'repeat(auto-fill, minmax(280px, 1fr))',\n      gap: '30px',\n      margin: '20px 0'\n    },\n    deviceCard: {\n      backgroundColor: '#ffffff',\n      padding: '25px',\n      borderRadius: '12px',\n      boxShadow: '0 6px 15px rgba(0,0,0,0.05)',\n      cursor: 'pointer',\n      transition: 'all 0.3s cubic-bezier(0.25, 0.8, 0.25, 1)',\n      border: '1px solid #f5f5f5',\n      ':hover': {\n        transform: 'translateY(-5px)',\n        boxShadow: '0 10px 20px rgba(0,0,0,0.08)',\n        borderColor: '#e0e0e0'\n      }\n    },\n    cardContent: {\n      display: 'flex',\n      flexDirection: 'column',\n      gap: '10px'\n    },\n    cardTitle: {\n      margin: '0',\n      fontSize: '1.2em',\n      color: '#2c3e50',\n      fontWeight: '500'\n    },\n    cardSubtitle: {\n      margin: '0',\n      color: '#666666',\n      fontSize: '0.9em'\n    },\n    pagination: {\n      display: 'flex',\n      justifyContent: 'center',\n      margin: '40px 0',\n      flexWrap: 'wrap',\n      gap: '8px'\n    },\n    pageButton: {\n      backgroundColor: '#f5f5f5',\n      color: '#2c3e50',\n      padding: '10px 18px',\n      border: 'none',\n      borderRadius: '6px',\n      cursor: 'pointer',\n      fontWeight: '500',\n      transition: 'all 0.2s',\n      ':hover': {\n        backgroundColor: '#e0e0e0'\n      },\n      ':disabled': {\n        opacity: 0.5,\n        cursor: 'not-allowed'\n      }\n    },\n    activePageButton: {\n      backgroundColor: '#2c3e50',\n      color: 'white',\n      padding: '10px 18px',\n      border: 'none',\n      borderRadius: '6px',\n      cursor: 'pointer',\n      fontWeight: '500'\n    },\n    detailView: {\n      backgroundColor: '#ffffff',\n      padding: '40px',\n      borderRadius: '16px',\n      boxShadow: '0 8px 25px rgba(0,0,0,0.08)',\n      maxWidth: '800px',\n      margin: '20px auto',\n      border: '1px solid #f0f0f0'\n    },\n    detailHeader: {\n      color: '#2c3e50',\n      borderBottom: '2px solid #e0e0e0',\n      paddingBottom: '20px',\n      marginBottom: '30px',\n      fontWeight: '500',\n      fontSize: '1.8em'\n    },\n    detailGrid: {\n      display: 'grid',\n      gridTemplateColumns: '1fr 1fr',\n      gap: '25px',\n      margin: '20px 0'\n    },\n    detailRow: {\n      margin: '15px 0',\n      padding: '15px 0',\n      borderBottom: '1px solid #f0f0f0',\n      display: 'flex',\n      alignItems: 'center'\n    },\n    label: {\n      fontWeight: '600',\n      color: '#2c3e50',\n      width: '220px',\n      fontSize: '15px'\n    },\n    value: {\n      color: '#555555',\n      fontSize: '15px'\n    },\n    backButton: {\n      backgroundColor: '#f5f5f5',\n      color: '#2c3e50',\n      padding: '12px 24px',\n      border: 'none',\n      borderRadius: '8px',\n      cursor: 'pointer',\n      margin: '20px 0',\n      fontWeight: '500',\n      transition: 'all 0.3s',\n      display: 'flex',\n      alignItems: 'center',\n      gap: '8px',\n      ':hover': {\n        backgroundColor: '#e0e0e0',\n        transform: 'translateX(-3px)'\n      }\n    }\n  };\n\n  // Рендеринг остается без изменений\n  return (\n    <div style={styles.container}>\n      <h1 style={styles.header}>ANDROID DATABASE SYSTEM</h1>\n      \n      <div style={styles.mainLayout}>\n        <div style={styles.searchContainer}>\n          <input\n            type=\"text\"\n            placeholder=\"Search by model or organization...\"\n            style={styles.searchInput}\n            value={searchQuery}\n            onChange={(e) => {\n              setSearchQuery(e.target.value);\n              setCurrentPage(1);\n            }}\n          />\n        </div>\n        \n        {!selectedDevice ? (\n          <>\n            <div style={styles.deviceGrid}>\n              {currentDevices.map(device => (\n                <div \n                  key={device.id}\n                  style={styles.deviceCard}\n                  onClick={() => setSelectedDevice(device)}\n                >\n                  <div style={styles.cardContent}>\n                    <h3 style={styles.cardTitle}>{device.model || `Android ${device.id}`}</h3>\n                    <p style={styles.cardSubtitle}>\n                      {device.organization || \"Organization not specified\"}\n                    </p>\n                  </div>\n                </div>\n              ))}\n            </div>\n            \n            <div style={styles.pagination}>\n              <button \n                style={styles.pageButton}\n                onClick={() => currentPage > 1 && setCurrentPage(currentPage - 1)}\n                disabled={currentPage === 1}\n              >\n                Previous\n              </button>\n              \n              {Array.from({ length: totalPages }, (_, i) => i + 1).map(page => (\n                <button\n                  key={page}\n                  style={currentPage === page ? styles.activePageButton : styles.pageButton}\n                  onClick={() => setCurrentPage(page)}\n                >\n                  {page}\n                </button>\n              ))}\n              \n              <button \n                style={styles.pageButton}\n                onClick={() => currentPage < totalPages && setCurrentPage(currentPage + 1)}\n                disabled={currentPage === totalPages}\n              >\n                Next\n              </button>\n            </div>\n          </>\n        ) : (\n          <div style={styles.detailView}>\n            <button \n              style={styles.backButton}\n              onClick={() => setSelectedDevice(null)}\n            >\n              ← Back to Home\n            </button>\n            \n            <h2 style={styles.detailHeader}>\n              {selectedDevice.model || \"Model not specified\"}\n            </h2>\n            \n            <div style={styles.detailGrid}>\n              <div style={styles.detailRow}>\n                <span style={styles.label}>Software Version:</span>\n                <span style={styles.value}>{selectedDevice.softwareVersion}</span>\n              </div>\n              \n              <div style={styles.detailRow}>\n                <span style={styles.label}>Last Update:</span>\n                <span style={styles.value}>{selectedDevice.lastUpdate}</span>\n              </div>\n              \n              <div style={styles.detailRow}>\n                <span style={styles.label}>Organization:</span>\n                <span style={styles.value}>{selectedDevice.organization}</span>\n              </div>\n              \n              <div style={styles.detailRow}>\n                <span style={styles.label}>Website:</span>\n                <a \n                  href={selectedDevice.organizationWebsite}\n                  style={{color: '#3498db', textDecoration: 'none'}}\n                  target=\"_blank\"\n                  rel=\"noopener noreferrer\"\n                >\n                  {selectedDevice.organizationWebsite || \"Link not specified\"}\n                </a>\n              </div>\n              \n              <div style={styles.detailRow}>\n                <span style={styles.label}>Work Area:</span>\n                <span style={styles.value}>{selectedDevice.workArea}</span>\n              </div>\n              \n              <div style={styles.detailRow}>\n                <span style={styles.label}>Purpose:</span>\n                <span style={styles.value}>{selectedDevice.purpose}</span>\n              </div>\n              \n              <div style={styles.detailRow}>\n                <span style={styles.label}>Capabilities:</span>\n                <span style={styles.value}>{selectedDevice.capabilities}</span>\n              </div>\n              \n              <div style={styles.detailRow}>\n                <span style={styles.label}>Location:</span>\n                <span style={styles.value}>{selectedDevice.location}</span>\n              </div>\n              \n              <div style={styles.detailRow}>\n                <span style={styles.label}>Work Period\\lifespan:</span>\n                <span style={styles.value}>{selectedDevice.workPeriod}</span>\n              </div>\n            </div>\n          </div>\n        )}\n      </div>\n    </div>\n  );\n};\n\nexport default AndroidDB;"
  },
  "stylesheets": [],
  "scripts": [],
  "cssPreset": "",
  "imports": {},
  "types": {},
  "tests": {
    "language": "typescript",
    "content": ""
  },
  "tools": {
    "enabled": "all",
    "active": "console",
    "status": "closed"
  },
  "zoom": 1,
  "processors": [],
  "customSettings": {},
  "useTabs": false,
  "tabSize": 2,
  "lineNumbers": true,
  "wordWrap": false,
  "closeBrackets": true,
  "foldRegions": false,
  "semicolons": true,
  "singleQuote": false,
  "trailingComma": true,
  "emmet": true,
  "enableAI": false,
  "version": "46"
}