{
  "title": "Untitled Project",
  "description": "",
  "head": "<meta charset=\"UTF-8\" />\n<meta name=\"viewport\" content=\"width=device-width, initial-scale=1.0\" />",
  "htmlAttrs": "lang=\"en\" class=\"\"",
  "tags": [],
  "autoupdate": true,
  "autosave": false,
  "autotest": false,
  "delay": 1500,
  "formatOnsave": false,
  "view": "split",
  "mode": "full",
  "theme": "dark",
  "layout": "responsive",
  "recoverUnsaved": true,
  "showSpacing": false,
  "welcome": true,
  "readonly": false,
  "allowLangChange": true,
  "activeEditor": "script",
  "markup": {
    "language": "html",
    "content": ""
  },
  "style": {
    "language": "css",
    "content": ".container,\n.container button {\n  text-align: center;\n  font: 1em sans-serif;\n}\n.logo {\n  width: 150px;\n}\n"
  },
  "script": {
    "language": "react",
    "content": "import React, { useState } from 'react';\n\nconst AndroidDB = () => {\n  const [selectedDevice, setSelectedDevice] = useState(null);\n  const [currentPage, setCurrentPage] = useState(1);\n  const [searchQuery, setSearchQuery] = useState('');\n  const devicesPerPage = 5;\n  \n  const devices = [\n    {\n      id: 1,\n      model: \"X9Pro\",\n      softwareVersion: \"\",\n      lastUpdate: \"\",\n      organization: \"Corp\",  // Изменено с CorpTech на Corp\n      organizationWebsite: \"\",\n      workArea: \"\",\n      purpose: \"\",\n      capabilities: \"\",\n      location: \"\",\n      workPeriod: \"\"\n    },\n    {\n      id: 2,\n      model: \"A5Max\",\n      softwareVersion: \"\",\n      lastUpdate: \"\",\n      organization: \"Data\",  // Изменено с DataSys на Data\n      organizationWebsite: \"\",\n      workArea: \"\",\n      purpose: \"\",\n      capabilities: \"\",\n      location: \"\",\n      workPeriod: \"\"\n    },\n    {\n      id: 3,\n      model: \"Z3Edge\",\n      softwareVersion: \"\",\n      lastUpdate: \"\",\n      organization: \"FutureSoft\",\n      organizationWebsite: \"\",\n      workArea: \"\",\n      purpose: \"\",\n      capabilities: \"\",\n      location: \"\",\n      workPeriod: \"\"\n    },\n    {\n      id: 4,\n      model: \"TX-42\",\n      softwareVersion: \"\",\n      lastUpdate: \"\",\n      organization: \"Mobile\",  // Изменено с MobileInc на Mobile\n      organizationWebsite: \"\",\n      workArea: \"\",\n      purpose: \"\",\n      capabilities: \"\",\n      location: \"\",\n      workPeriod: \"\"\n    },\n    {\n      id: 5,\n      model: \"M7\",\n      softwareVersion: \"\",\n      lastUpdate: \"\",\n      organization: \"TechGroup\",\n      organizationWebsite: \"\",\n      workArea: \"\",\n      purpose: \"\",\n      capabilities: \"\",\n      location: \"\",\n      workPeriod: \"\"\n    },\n    {\n      id: 6,\n      model: \"V300\",\n      softwareVersion: \"\",\n      lastUpdate: \"\",\n      organization: \"Digital\",  // Изменено с DigitalCom на Digital\n      organizationWebsite: \"\",\n      workArea: \"\",\n      purpose: \"\",\n      capabilities: \"\",\n      location: \"\",\n      workPeriod: \"\"\n    },\n    {\n      id: 7,\n      model: \"CodeX5\",\n      softwareVersion: \"\",\n      lastUpdate: \"\",\n      organization: \"GlobalTech\",\n      organizationWebsite: \"\",\n      workArea: \"\",\n      purpose: \"\",\n      capabilities: \"\",\n      location: \"\",\n      workPeriod: \"\"\n    },\n    {\n      id: 8,\n      model: \"Nova3\",\n      softwareVersion: \"\",\n      lastUpdate: \"\",\n      organization: \"SmartSolutions\",\n      organizationWebsite: \"\",\n      workArea: \"\",\n      purpose: \"\",\n      capabilities: \"\",\n      location: \"\",\n      workPeriod: \"\"\n    },\n    {\n      id: 9,\n      model: \"Alpha7\",\n      softwareVersion: \"\",\n      lastUpdate: \"\",\n      organization: \"NextGen\",\n      organizationWebsite: \"\",\n      workArea: \"\",\n      purpose: \"\",\n      capabilities: \"\",\n      location: \"\",\n      workPeriod: \"\"\n    },\n    {\n      id: 10,\n      model: \"QuantumX\",\n      softwareVersion: \"\",\n      lastUpdate: \"\",\n      organization: \"InnovateX\",\n      organizationWebsite: \"\",\n      workArea: \"\",\n      purpose: \"\",\n      capabilities: \"\",\n      location: \"\",\n      workPeriod: \"\"\n    },\n    // Остальные 10 устройств оставим пустыми\n    {\n      id: 11,\n      model: \"\",\n      softwareVersion: \"\",\n      lastUpdate: \"\",\n      organization: \"\",\n      organizationWebsite: \"\",\n      workArea: \"\",\n      purpose: \"\",\n      capabilities: \"\",\n      location: \"\",\n      workPeriod: \"\"\n    },\n    {\n      id: 12,\n      model: \"\",\n      softwareVersion: \"\",\n      lastUpdate: \"\",\n      organization: \"\",\n      organizationWebsite: \"\",\n      workArea: \"\",\n      purpose: \"\",\n      capabilities: \"\",\n      location: \"\",\n      workPeriod: \"\"\n    },\n    {\n      id: 13,\n      model: \"SkyLine\",\n      softwareVersion: \"\",\n      lastUpdate: \"\",\n      organization: \"\",\n      organizationWebsite: \"\",\n      workArea: \"\",\n      purpose: \"\",\n      capabilities: \"\",\n      location: \"\",\n      workPeriod: \"\"\n    },\n    {\n      id: 14,\n      model: \"\",\n      softwareVersion: \"\",\n      lastUpdate: \"\",\n      organization: \"Cloud9\",\n      organizationWebsite: \"\",\n      workArea: \"\",\n      purpose: \"\",\n      capabilities: \"\",\n      location: \"\",\n      workPeriod: \"\"\n    },\n    {\n      id: 15,\n      model: \"Photon\",\n      softwareVersion: \"\",\n      lastUpdate: \"\",\n      organization: \"NetSys\",\n      organizationWebsite: \"\",\n      workArea: \"\",\n      purpose: \"\",\n      capabilities: \"\",\n      location: \"\",\n      workPeriod: \"\"\n    },\n    {\n      id: 16,\n      model: \"MaxPro\",\n      softwareVersion: \"\",\n      lastUpdate: \"\",\n      organization: \"\",\n      organizationWebsite: \"\",\n      workArea: \"\",\n      purpose: \"\",\n      capabilities: \"\",\n      location: \"\",\n      workPeriod: \"\"\n    },\n    {\n      id: 17,\n      model: \"\",\n      softwareVersion: \"\",\n      lastUpdate: \"\",\n      organization: \"Data5\",\n      organizationWebsite: \"\",\n      workArea: \"\",\n      purpose: \"\",\n      capabilities: \"\",\n      location: \"\",\n      workPeriod: \"\"\n    },\n    {\n      id: 18,\n      model: \"Quantum\",\n      softwareVersion: \"\",\n      lastUpdate: \"\",\n      organization: \"\",\n      organizationWebsite: \"\",\n      workArea: \"\",\n      purpose: \"\",\n      capabilities: \"\",\n      location: \"\",\n      workPeriod: \"\"\n    },\n    {\n      id: 19,\n      model: \"\",\n      softwareVersion: \"\",\n      lastUpdate: \"\",\n      organization: \"Alpha7\",\n      organizationWebsite: \"\",\n      workArea: \"\",\n      purpose: \"\",\n      capabilities: \"\",\n      location: \"\",\n      workPeriod: \"\"\n    },\n    {\n      id: 20,\n      model: \"Nova8\",\n      softwareVersion: \"\",\n      lastUpdate: \"\",\n      organization: \"Beta3\",\n      organizationWebsite: \"\",\n      workArea: \"\",\n      purpose: \"\",\n      capabilities: \"\",\n      location: \"\",\n      workPeriod: \"\"\n    }\n  ];\n\n  // Функция для фильтрации устройств по поисковому запросу\n  const filteredDevices = devices.filter(device => {\n    const searchLower = searchQuery.toLowerCase();\n    return (\n      device.model.toLowerCase().includes(searchLower) ||\n      device.organization.toLowerCase().includes(searchLower)\n    );\n  });\n\n  // Вычисляем индексы для отображения на текущей странице с учетом фильтрации\n  const indexOfLastDevice = currentPage * devicesPerPage;\n  const indexOfFirstDevice = indexOfLastDevice - devicesPerPage;\n  const currentDevices = filteredDevices.slice(indexOfFirstDevice, indexOfLastDevice);\n  \n  // Общее количество страниц с учетом фильтрации\n  const totalPages = Math.ceil(filteredDevices.length / devicesPerPage);\n\n  const styles = {\n    container: {\n      fontFamily: \"'Segoe UI', 'Roboto', sans-serif\",\n      maxWidth: '1200px',\n      margin: '0 auto',\n      padding: '30px',\n      backgroundColor: '#ffffff',\n      color: '#333333',\n    },\n    header: {\n      color: '#2c3e50',\n      borderBottom: '2px solid #e0e0e0',\n      paddingBottom: '20px',\n      marginBottom: '40px',\n      textAlign: 'center',\n      fontWeight: '300',\n      letterSpacing: '1px'\n    },\n    deviceList: {\n      display: 'grid',\n      gridTemplateColumns: 'repeat(auto-fill, minmax(280px, 1fr))',\n      gap: '25px',\n      marginBottom: '40px'\n    },\n    deviceCard: {\n      backgroundColor: '#ffffff',\n      padding: '25px',\n      borderRadius: '10px',\n      boxShadow: '0 4px 6px rgba(0,0,0,0.05)',\n      cursor: 'pointer',\n      transition: 'all 0.3s ease',\n      border: '1px solid #f0f0f0',\n      ':hover': {\n        transform: 'translateY(-5px)',\n        boxShadow: '0 8px 15px rgba(0,0,0,0.1)',\n        borderColor: '#e0e0e0'\n      }\n    },\n    searchContainer: {\n      margin: '30px 0',\n      display: 'flex',\n      justifyContent: 'center'\n    },\n    searchInput: {\n      width: '100%',\n      maxWidth: '500px',\n      padding: '12px 15px',\n      border: '1px solid #e0e0e0',\n      borderRadius: '6px',\n      fontSize: '16px',\n      transition: 'border-color 0.3s',\n      ':focus': {\n        outline: 'none',\n        borderColor: '#2c3e50'\n      }\n    },\n    pagination: {\n      display: 'flex',\n      justifyContent: 'center',\n      margin: '30px 0',\n      flexWrap: 'wrap'\n    },\n    pageButton: {\n      backgroundColor: '#f5f5f5',\n      color: '#2c3e50',\n      padding: '10px 18px',\n      border: 'none',\n      borderRadius: '6px',\n      cursor: 'pointer',\n      margin: '5px',\n      fontWeight: '500',\n      transition: 'background-color 0.3s, color 0.3s'\n    },\n    activePageButton: {\n      backgroundColor: '#2c3e50',\n      color: 'white',\n      padding: '10px 18px',\n      border: 'none',\n      borderRadius: '6px',\n      cursor: 'pointer',\n      margin: '5px',\n      fontWeight: '500'\n    },\n    detailView: {\n      backgroundColor: '#ffffff',\n      padding: '40px',\n      borderRadius: '12px',\n      boxShadow: '0 6px 15px rgba(0,0,0,0.08)',\n      maxWidth: '800px',\n      margin: '0 auto'\n    },\n    detailRow: {\n      margin: '15px 0',\n      padding: '15px 0',\n      borderBottom: '1px solid #f0f0f0',\n      display: 'flex',\n      alignItems: 'center'\n    },\n    label: {\n      fontWeight: '600',\n      color: '#2c3e50',\n      width: '220px',\n      display: 'inline-block',\n      fontSize: '15px'\n    },\n    backButton: {\n      backgroundColor: '#f5f5f5',\n      color: '#2c3e50',\n      padding: '12px 24px',\n      border: 'none',\n      borderRadius: '6px',\n      cursor: 'pointer',\n      margin: '20px 0',\n      fontWeight: '500',\n      transition: 'background-color 0.3s, color 0.3s',\n      display: 'flex',\n      alignItems: 'center',\n      ':hover': {\n        backgroundColor: '#e0e0e0'\n      }\n    },\n    headerContainer: {\n      display: 'flex',\n      justifyContent: 'space-between',\n      alignItems: 'center',\n      marginBottom: '30px'\n    },\n    detailHeader: {\n      color: '#2c3e50',\n      borderBottom: '2px solid #e0e0e0',\n      paddingBottom: '15px',\n      marginBottom: '30px',\n      fontWeight: '500'\n    }\n  };\n\n  // Функции для пагинации\n  const handlePreviousPage = () => {\n    if (currentPage > 1) {\n      setCurrentPage(currentPage - 1);\n    }\n  };\n\n  const handleNextPage = () => {\n    if (currentPage < totalPages) {\n      setCurrentPage(currentPage + 1);\n    }\n  };\n\n  const handlePageClick = (pageNumber) => {\n    setCurrentPage(pageNumber);\n  };\n\n  return (\n    <div style={styles.container}>\n      {/* Шапка с кнопкой возврата на главную */}\n      <div style={styles.headerContainer}>\n        <h1 style={styles.header}>ANDROID DATABASE SYSTEM</h1>\n        <button \n          style={styles.backButton}\n          onClick={() => {\n            setSelectedDevice(null);\n            setCurrentPage(1);\n          }}\n        >\n          Back to Home\n        </button>\n      </div>\n      \n      {/* Поле поиска */}\n      <div style={styles.searchContainer}>\n        <input\n          type=\"text\"\n          placeholder=\"Search by model or organization...\"\n          style={styles.searchInput}\n          value={searchQuery}\n          onChange={(e) => {\n            setSearchQuery(e.target.value);\n            setCurrentPage(1);\n          }}\n        />\n      </div>\n      \n      {!selectedDevice ? (\n        <>\n          <div style={styles.deviceList}>\n            {currentDevices.map(device => (\n              <div \n                key={device.id}\n                style={styles.deviceCard}\n                onClick={() => setSelectedDevice(device)}\n              >\n                <h3 style={{margin: '0 0 15px 0', fontWeight: '500'}}>{device.model || `Android ${device.id}`}</h3>\n                <p style={{color: '#666666', margin: '0', fontSize: '14px'}}>\n                  {device.organization || \"Organization not specified\"}\n                </p>\n              </div>\n            ))}\n          </div>\n          \n          {/* Элементы управления пагинацией */}\n          <div style={styles.pagination}>\n            <button \n              style={styles.pageButton}\n              onClick={handlePreviousPage}\n              disabled={currentPage === 1}\n            >\n              Previous\n            </button>\n            \n            {Array.from({ length: totalPages }, (_, i) => i + 1).map(page => (\n              <button\n                key={page}\n                style={currentPage === page ? styles.activePageButton : styles.pageButton}\n                onClick={() => handlePageClick(page)}\n              >\n                {page}\n              </button>\n            ))}\n            \n            <button \n              style={styles.pageButton}\n              onClick={handleNextPage}\n              disabled={currentPage === totalPages}\n            >\n              Next\n            </button>\n          </div>\n        </>\n      ) : (\n        <div style={styles.detailView}>\n          <button \n            style={styles.backButton}\n            onClick={() => setSelectedDevice(null)}\n          >\n            ← Back to Home\n          </button>\n          \n          <h2 style={styles.detailHeader}>\n            {selectedDevice.model || \"Model not specified\"}\n          </h2>\n          \n          <div style={styles.detailRow}>\n            <span style={styles.label}>Software Version:</span>\n            <span style={{color: '#555555'}}>{selectedDevice.softwareVersion}</span>\n          </div>\n          \n          <div style={styles.detailRow}>\n            <span style={styles.label}>Last Update:</span>\n            <span style={{color: '#555555'}}>{selectedDevice.lastUpdate}</span>\n          </div>\n          \n          <div style={styles.detailRow}>\n            <span style={styles.label}>Organization:</span>\n            <span style={{color: '#555555'}}>{selectedDevice.organization}</span>\n          </div>\n          \n          <div style={styles.detailRow}>\n            <span style={styles.label}>Organization Website:</span>\n            <a \n              href={selectedDevice.organizationWebsite}\n              style={{color: '#3498db', textDecoration: 'none'}}\n              target=\"_blank\"\n              rel=\"noopener noreferrer\"\n            >\n              {selectedDevice.organizationWebsite || \"Link not specified\"}\n            </a>\n          </div>\n          \n          <div style={styles.detailRow}>\n            <span style={styles.label}>Work Area:</span>\n            <span style={{color: '#555555'}}>{selectedDevice.workArea}</span>\n          </div>\n          \n          <div style={styles.detailRow}>\n            <span style={styles.label}>Purpose/Task:</span>\n            <span style={{color: '#555555'}}>{selectedDevice.purpose}</span>\n          </div>\n          \n          <div style={styles.detailRow}>\n            <span style={styles.label}>Capabilities:</span>\n            <span style={{color: '#555555'}}>{selectedDevice.capabilities}</span>\n          </div>\n          \n          <div style={styles.detailRow}>\n            <span style={styles.label}>Location:</span>\n            <span style={{color: '#555555'}}>{selectedDevice.location}</span>\n          </div>\n          \n          <div style={styles.detailRow}>\n            <span style={styles.label}>Work Period\\lifespan:</span>\n            <span style={{color: '#555555'}}>{selectedDevice.workPeriod}</span>\n          </div>\n        </div>\n      )}\n    </div>\n  );\n};\n\nexport default AndroidDB;"
  },
  "stylesheets": [],
  "scripts": [],
  "cssPreset": "",
  "imports": {},
  "types": {},
  "tests": {
    "language": "typescript",
    "content": ""
  },
  "tools": {
    "enabled": "all",
    "active": "console",
    "status": "closed"
  },
  "zoom": 1,
  "processors": [],
  "customSettings": {},
  "useTabs": false,
  "tabSize": 2,
  "lineNumbers": true,
  "wordWrap": false,
  "closeBrackets": true,
  "foldRegions": false,
  "semicolons": true,
  "singleQuote": false,
  "trailingComma": true,
  "emmet": true,
  "enableAI": false,
  "version": "46"
}